weight_name,module,value,provenance,source_citation,sample_size,confidence_interval,domain,layer,last_calibration_date,flags
approach.certainty,circuit_predictor,0.15,CALIBRATED,A/B testing: testimonials adjacent to CTA increase conversion by +34% (aggregated industry data). Ba,,"[0.12, 0.18] — derived from +34% testimonial placement effect",universal,L2_circuit,,
approach.coping_potential,circuit_predictor,0.2,CONSTRAINED,A/B testing aggregates: reducing perceived effort consistently increases conversion. Shopify one-pag,,"[0.10, 0.25] — effect is consistent but smaller than valence/relevance",universal,L2_circuit,,
approach.goal_relevance,circuit_predictor,0.25,CONSTRAINED,"Falk et al. 2012: MPFC activation (self-relevance processing, overlaps with goal-relevance appraisal",,"[0.15, 0.30] — MPFC is strong but secondary to NAcc",universal,L2_circuit,,
approach.neg_agency_suppress,circuit_predictor,0.1,UNCALIBRATED,No direct neural measurement of agency's suppressive effect on approach. Theoretical: low agency (fe,,,universal,L2_circuit,,
approach.neg_valence_suppress,circuit_predictor,0.2,CONSTRAINED,Knutson 2007: insula activation (aversive signal) during price phase independently predicted NON-pur,,"[0.15, 0.25] — insula suppression was significant but not total",universal,L2_circuit,,
approach.novelty_penalty,circuit_predictor,0.15,UNCALIBRATED,Smith & Ellsworth 1985: extreme novelty (>0.7 on their scale) triggers threat appraisal rather than ,,,universal,L2_circuit,,
approach.novelty_x_coping,circuit_predictor,0.2,FITTED,"Fitted from Persuasion for Good (N=1,017, Ollama extraction). w=0.264 (largest interaction in Ollama",1017 (PFG),"[0.15, 0.30]",universal,L2_circuit,2026-03-27,
approach.somatic,circuit_predictor,0.1,CONSTRAINED,Berns & Moore 2012: averaged NAcc activation predicted song downloads 2 years later. Self-reported l,,"[0.05, 0.15] — contributes but doesn't dominate",universal,L2_circuit,,
approach.valence,circuit_predictor,0.3,CONSTRAINED,Knutson et al. 2007: NAcc activation (approach circuit proxy) was the strongest single predictor of ,,"[0.20, 0.40] — NAcc was strongest but not sole predictor",universal,L2_circuit,,
approach.valence_x_agency,circuit_predictor,0.14,FITTED,"Fitted from Persuasion for Good (N=1,017). Heuristic: w=0.136. Positive tone matters more when the r",1017 (PFG),"[0.08, 0.20]",universal,L2_circuit,2026-03-27,
approach.valence_x_goal_relevance,circuit_predictor,0.15,FITTED,"Fitted from Persuasion for Good dataset (Wang et al. 2019, N=1,017). Heuristic extraction: w=0.147. ",1017 (PFG),"[0.10, 0.25] — consistent across both extraction methods",universal,L2_circuit,2026-03-27,
avoidance.disgust,circuit_predictor,0.15,CONSTRAINED,"Knutson 2007: insula deactivation during purchase, activation during non-purchase (excessive price =",,"[0.10, 0.20] — distinct from valence, smaller but specific",universal,L2_circuit,,
avoidance.familiarity_suppress,circuit_predictor,0.1,CONSTRAINED,Bechara et al. 1997/2005: hippocampal familiarity reduces threat assessment. IGT data shows learning,,"[0.05, 0.15] — consistent small effect across literature",universal,L2_circuit,,
avoidance.neg_agency,circuit_predictor,0.2,CONSTRAINED,Craig 2009 (Nature Reviews Neuroscience): anterior insula detects authenticity violations and agency,,"[0.15, 0.25] — agency violation is a strong avoidance trigger",universal,L2_circuit,,
avoidance.neg_coping,circuit_predictor,0.2,CONSTRAINED,Smith & Ellsworth 1985: low coping potential + high goal relevance = FRUSTRATION (highest avoidance ,,"[0.15, 0.25] — consistently significant across appraisal literature",universal,L2_circuit,,
avoidance.neg_valence,circuit_predictor,0.3,CONSTRAINED,Knutson 2007: insula activation (avoidance proxy) was the primary neural predictor of NON-purchase d,,"[0.25, 0.35] — insula was primary avoidance predictor",universal,L2_circuit,,
avoidance.novelty_threat,circuit_predictor,0.15,UNCALIBRATED,LeDoux 1996: amygdala receives low-resolution fast signal from thalamus (bypasses cortex) and classi,,,universal,L2_circuit,,
avoidance.valence_suppress,circuit_predictor,0.25,CONSTRAINED,Knutson 2007: NAcc activation (positive valence) suppressed insula contribution to non-purchase pred,,"[0.20, 0.30] — suppression is strong (matches approach cross-suppression)",universal,L2_circuit,,
deliberation.circuit_conflict,circuit_predictor,0.1,UNCALIBRATED,"Theoretical: when approach and avoidance scores are similar (neither dominates), the ACC should dete",,,universal,L2_circuit,,
deliberation.contradictory_signals,circuit_predictor,0.15,UNCALIBRATED,Botvinick et al. 2001 (Science): ACC monitors response conflict. When conflicting signals are detect,,,universal,L2_circuit,,
deliberation.coping_suppress,circuit_predictor,0.15,CONSTRAINED,A/B testing: 'Takes 2 minutes' framing increases completion. Shopify one-page checkout eliminates AC,,"[0.10, 0.20] — consistent with effort-reduction conversion lifts",universal,L2_circuit,,
deliberation.goal_uncertainty_interaction,circuit_predictor,0.2,UNCALIBRATED,Smith & Ellsworth 1985: uncertainty only triggers effortful processing when the stimulus is goal-rel,,,universal,L2_circuit,,
deliberation.info_load,circuit_predictor,0.2,CALIBRATED,"Hick's Law: reaction time increases by ~150ms per doubling of choices (Hick 1952, replicated extensi",,"[0.15, 0.25] — Hick's Law provides tight bounds",universal,L2_circuit,,
deliberation.neg_certainty,circuit_predictor,0.3,CONSTRAINED,Scherer 2001: outcome probability/predictability is one of the 4 major appraisal checks in the seque,,"[0.25, 0.35] — uncertainty is the primary deliberation trigger",universal,L2_circuit,,
deliberation.temporal_suppress,circuit_predictor,0.2,CONSTRAINED,"Industry A/B data: urgency signals ('limited time', countdown timers) increase conversion by 10-30% ",,"[0.15, 0.25] — urgency effect is consistently measured at 10-30%",universal,L2_circuit,,
durability.certainty_valence,circuit_predictor,1.0,CONSTRAINED,Kahneman & Tversky 1979: decisions made with high confidence and positive affect are more stable ove,,"[0.8, 1.2] — reference term for durability",universal,L2_circuit,,
durability.urgency_reversal,circuit_predictor,-1.0,CONSTRAINED,Industry: 'buyer's remorse' is highest for urgency-driven purchases with low certainty. Flash sale r,,"[-1.5, -0.5] — return rate data bounds this",universal,L2_circuit,,
master.approach_weight,circuit_predictor,1.0,CONSTRAINED,Knutson 2007: NAcc (approach proxy) was the strongest single predictor of purchase. Brain-alone mode,,"[0.8, 1.2] — reference weight, others scaled relative",universal,L2_circuit,,
master.avoidance_weight,circuit_predictor,0.8,CONSTRAINED,Knutson 2007: insula (avoidance proxy) was significant but secondary to NAcc in predicting non-purch,,"[0.6, 1.0] — insula was significant but secondary to NAcc",universal,L2_circuit,,
master.deliberation_weight,circuit_predictor,0.6,UNCALIBRATED,No published data directly quantifies how deliberation (ACC/dlPFC) contributes to final purchase/non,,,universal,L2_circuit,,
master.interoceptive_weight,circuit_predictor,0.2,UNCALIBRATED,Seth 2013 (Nature Reviews Neuroscience): interoceptive precision varies across individuals (heartbea,,,universal,L2_circuit,,
master.somatic_weight,circuit_predictor,0.4,CONSTRAINED,"Berns & Moore 2012: NAcc predicted downloads, self-report didn't. This means somatic/implicit signal",,"[0.2, 0.6] — clearly contributes, clearly not dominant",universal,L2_circuit,,
campaign.authority_high_subversion_multiplier,domain_registry,1.5,UNCALIBRATED,High authority_subversion recipients defer to authority citations,,,campaign,L5_domain,,
campaign.authority_low_subversion_insula,domain_registry,0.15,UNCALIBRATED,Authority appeals to low-authority recipients trigger reactance (insula),,,campaign,L5_domain,,
campaign.authority_low_subversion_multiplier,domain_registry,0.6,UNCALIBRATED,Low authority_subversion produces reactance to authority appeals,,,campaign,L5_domain,,
campaign.emotional_narrative_multiplier,domain_registry,1.6,UNCALIBRATED,Emotional narrative is strongest technique for campaign messaging,,,campaign,L5_domain,,
campaign.fear_habituation_rate,domain_registry,0.3,UNCALIBRATED,Fear appeal diminishing returns: effectiveness = base / (1 + 0.3 * exposure_count),,,campaign,L5_domain,,
campaign.logical_appeal_multiplier,domain_registry,0.7,UNCALIBRATED,Logical appeal weaker for campaign than crisis — emotional resonance dominates,,,campaign,L5_domain,,
campaign.loyalty_approach_bonus,domain_registry,0.35,UNCALIBRATED,In-group signaling dominates partisan messaging when loyalty_betrayal > 0.6,,,campaign,L5_domain,,
campaign.loyalty_social_proof_multiplier,domain_registry,1.5,UNCALIBRATED,Social proof amplified by loyalty foundation in partisan context,,,campaign,L5_domain,,
campaign.moral_reframing_high_mf_bonus,domain_registry,0.1,UNCALIBRATED,Preaching to choir = weaker effect than reframing,,,campaign,L5_domain,,
campaign.moral_reframing_low_mf_bonus,domain_registry,0.3,CONSTRAINED,Feinberg & Willer 2015: framing using recipient's LOW moral foundations increases support,,"(0.2, 0.4)",campaign,L5_domain,,
crisis.defensive_approach_multiplier,domain_registry,0.5,UNCALIBRATED,"Defensive techniques (whataboutism, straw_man, red_herring) produce negative effectiveness",,,crisis_pr,L5_domain,,
crisis.defensive_retaliation_bonus,domain_registry,0.35,UNCALIBRATED,Defensive techniques amplify backlash — retaliation_probability increases,,,crisis_pr,L5_domain,,
crisis.empathy_customer_approach_bonus,domain_registry,0.2,UNCALIBRATED,Empathy appeal works for customers in crisis context,,,crisis_pr,L5_domain,,
crisis.empathy_regulator_insula_bonus,domain_registry,0.2,UNCALIBRATED,Empathy appeal with regulators perceived as deflection — insula activation,,,crisis_pr,L5_domain,,
crisis.logical_evidence_multiplier,domain_registry,1.8,UNCALIBRATED,Logical appeal + evidence_based strongest for crisis PR credibility recovery,,,crisis_pr,L5_domain,,
crisis.timing_fast_trust_bonus,domain_registry,0.15,UNCALIBRATED,Response within hours: trust_recovery_bonus = +0.15,,,crisis_pr,L5_domain,,
crisis.timing_slow_trust_penalty,domain_registry,-0.2,UNCALIBRATED,"Response after days: trust_penalty = -0.20, avoidance += 0.1",,,crisis_pr,L5_domain,,
crisis.timing_very_slow_retaliation,domain_registry,0.25,UNCALIBRATED,Response after weeks: retaliation_probability += 0.25,,,crisis_pr,L5_domain,,
crisis.transparency_multiplier,domain_registry,2.0,UNCALIBRATED,Transparency (self_disclosure + evidence_based) is the only path to trust recovery,,,crisis_pr,L5_domain,,
ecom.anchoring_weight_multiplier,domain_registry,1.8,UNCALIBRATED,Price anchoring maps directly to anchoring technique in purchase context,,,ecommerce,L5_domain,,
ecom.false_scarcity_insula_multiplier,domain_registry,1.3,UNCALIBRATED,Savvy shoppers detect artificial scarcity — insula amplified,,,ecommerce,L5_domain,,
ecom.loss_frame_valence_multiplier,domain_registry,1.5,CONSTRAINED,"Knutson et al. 2007: NAc activation predicts purchase, insula predicts rejection",,"(1.2, 1.8)",ecommerce,L5_domain,,
ecom.reciprocity_approach_bonus,domain_registry,0.25,UNCALIBRATED,Free trials/samples produce strongest approach activation in e-commerce,,,ecommerce,L5_domain,,
ecom.scarcity_circuit_multiplier,domain_registry,2.0,UNCALIBRATED,Scarcity drives purchase urgency at ~2x the weight it drives opinion change,,,ecommerce,L5_domain,,
ecom.social_proof_extraversion_multiplier,domain_registry,1.4,UNCALIBRATED,Social shopping amplification for high-extraversion recipients,,,ecommerce,L5_domain,,
ecom.urgency_temporal_multiplier,domain_registry,1.6,UNCALIBRATED,Countdown timers drive cart completion — temporal_proximity shift amplified,,,ecommerce,L5_domain,,
detector.linguistic_anomaly.certainty_markers,influence_detector,1.5,UNCALIBRATED,organic content baseline comparison,,,universal,detector,,
detector.linguistic_anomaly.emotionality,influence_detector,2.0,UNCALIBRATED,organic content baseline comparison,,,universal,detector,,
detector.linguistic_anomaly.lexical_diversity,influence_detector,1.5,UNCALIBRATED,organic content baseline comparison,,,universal,detector,,
detector.linguistic_anomaly.reading_difficulty,influence_detector,1.0,UNCALIBRATED,organic content baseline comparison,,,universal,detector,,
detector.linguistic_anomaly.self_reference,influence_detector,1.0,UNCALIBRATED,organic content baseline comparison,,,universal,detector,,
detector.technique_count.elevated.lo,influence_detector,3,UNCALIBRATED,organic content baseline,,,universal,detector,,
detector.technique_count.normal.lo,influence_detector,0,UNCALIBRATED,organic content baseline,,,universal,detector,,
detector.technique_count.suspicious.lo,influence_detector,5,UNCALIBRATED,organic content baseline,,,universal,detector,,
mod.agreeableness_approach_mult,recipient_modulator,1.15,CONSTRAINED,Graziano 1996,,,universal,L4_recipient,,
mod.agreeableness_threshold,recipient_modulator,0.7,CONSTRAINED,Graziano 1996,,,universal,L4_recipient,,
mod.authority_approach_mult,recipient_modulator,1.15,CONSTRAINED,Milgram 1963,,,universal,L4_recipient,,
mod.authority_threshold,recipient_modulator,0.7,CONSTRAINED,Milgram 1963,,,universal,L4_recipient,,
mod.care_harm_approach_mult,recipient_modulator,1.35,UNCALIBRATED,Haidt 2001,,,universal,L4_recipient,,
mod.care_harm_threshold,recipient_modulator,0.7,UNCALIBRATED,Haidt 2001,,,universal,L4_recipient,,
mod.conscientiousness_delib_mult,recipient_modulator,0.6,CONSTRAINED,ELM,,,universal,L4_recipient,,
mod.conscientiousness_threshold,recipient_modulator,0.3,CONSTRAINED,ELM Petty & Cacioppo 1986,,,universal,L4_recipient,,
mod.extraversion_social_mult,recipient_modulator,1.4,CONSTRAINED,Eysenck 1967,,,universal,L4_recipient,,
mod.extraversion_threshold,recipient_modulator,0.7,CONSTRAINED,Eysenck 1967,,,universal,L4_recipient,,
mod.high_el_delib_mult,recipient_modulator,1.25,CONSTRAINED,ELM,,,universal,L4_recipient,,
mod.high_el_threshold,recipient_modulator,0.7,CONSTRAINED,ELM Petty & Cacioppo 1986,,,universal,L4_recipient,,
mod.high_involvement_threshold,recipient_modulator,0.7,UNCALIBRATED,,,,universal,L4_recipient,,
mod.liberty_avoidance_mult,recipient_modulator,1.5,UNCALIBRATED,Brehm 1966,,,universal,L4_recipient,,
mod.liberty_threshold,recipient_modulator,0.7,UNCALIBRATED,Brehm 1966,,,universal,L4_recipient,,
mod.low_el_delib_mult,recipient_modulator,0.7,CONSTRAINED,ELM,,,universal,L4_recipient,,
mod.low_el_threshold,recipient_modulator,0.3,CONSTRAINED,ELM,,,universal,L4_recipient,,
mod.low_involvement_threshold,recipient_modulator,0.3,UNCALIBRATED,,,,universal,L4_recipient,,
mod.loyalty_approach_mult,recipient_modulator,1.3,UNCALIBRATED,Haidt & Graham 2007,,,universal,L4_recipient,,
mod.loyalty_threshold,recipient_modulator,0.7,UNCALIBRATED,Haidt & Graham 2007,,,universal,L4_recipient,,
mod.neuroticism_avoidance_mult,recipient_modulator,1.4,CONSTRAINED,Eysenck 1967,,,universal,L4_recipient,,
mod.neuroticism_fomo_approach_mult,recipient_modulator,1.3,UNCALIBRATED,Vohs & Faber 2007,,,universal,L4_recipient,,
mod.neuroticism_threshold,recipient_modulator,0.7,CONSTRAINED,Eysenck 1967,,,universal,L4_recipient,,
mod.openness_approach_mult,recipient_modulator,1.2,UNCALIBRATED,McCrae 1987,,,universal,L4_recipient,,
mod.openness_threshold,recipient_modulator,0.7,UNCALIBRATED,McCrae 1987,,,universal,L4_recipient,,
mod.sanctity_insula_mult,recipient_modulator,1.4,UNCALIBRATED,Inbar 2009,,,universal,L4_recipient,,
mod.sanctity_threshold,recipient_modulator,0.7,UNCALIBRATED,Inbar 2009,,,universal,L4_recipient,,
tech.ad_hominem.appraisal.valence,technique_to_circuit,-0.2,UNCALIBRATED,"UNCALIBRATED: attacks person, not argument — triggers disgust in observers",,,universal,L3_technique,,
tech.ad_hominem.circuit.avoidance,technique_to_circuit,1.2,UNCALIBRATED,"UNCALIBRATED: attacks person, not argument — triggers disgust in observers",,,universal,L3_technique,,OUTLIER
tech.ad_hominem.insula_mod,technique_to_circuit,0.15,UNCALIBRATED,"UNCALIBRATED: attacks person, not argument — triggers disgust in observers",,,universal,L3_technique,,
tech.anchoring.appraisal.certainty,technique_to_circuit,0.1,CONSTRAINED,CONSTRAINED: Tversky & Kahneman 1974 — anchoring shifts reference point,,,universal,L3_technique,,
tech.anchoring.circuit.deliberation,technique_to_circuit,0.9,CONSTRAINED,CONSTRAINED: Tversky & Kahneman 1974 — anchoring shifts reference point,,,universal,L3_technique,,OUTLIER
tech.anchoring.insula_mod,technique_to_circuit,0.0,CONSTRAINED,CONSTRAINED: Tversky & Kahneman 1974 — anchoring shifts reference point,,,universal,L3_technique,,
tech.appeal_to_ignorance.appraisal.certainty,technique_to_circuit,-0.1,UNCALIBRATED,"UNCALIBRATED: shifts burden of proof, creates false uncertainty",,,universal,L3_technique,,
tech.appeal_to_ignorance.circuit.deliberation,technique_to_circuit,1.1,UNCALIBRATED,"UNCALIBRATED: shifts burden of proof, creates false uncertainty",,,universal,L3_technique,,OUTLIER
tech.appeal_to_ignorance.insula_mod,technique_to_circuit,0.1,UNCALIBRATED,"UNCALIBRATED: shifts burden of proof, creates false uncertainty",,,universal,L3_technique,,
tech.appeal_to_pity.appraisal.goal_relevance,technique_to_circuit,0.1,CONSTRAINED,CONSTRAINED: sympathy produces compliance as escape from discomfort,,,universal,L3_technique,,
tech.appeal_to_pity.appraisal.valence,technique_to_circuit,-0.15,CONSTRAINED,CONSTRAINED: sympathy produces compliance as escape from discomfort,,,universal,L3_technique,,
tech.appeal_to_pity.circuit.approach,technique_to_circuit,1.05,CONSTRAINED,CONSTRAINED: sympathy produces compliance as escape from discomfort,,,universal,L3_technique,,OUTLIER
tech.appeal_to_pity.circuit.avoidance,technique_to_circuit,1.05,CONSTRAINED,CONSTRAINED: sympathy produces compliance as escape from discomfort,,,universal,L3_technique,,OUTLIER
tech.appeal_to_pity.insula_mod,technique_to_circuit,0.1,CONSTRAINED,CONSTRAINED: sympathy produces compliance as escape from discomfort,,,universal,L3_technique,,
tech.authority_endorsement.appraisal.certainty,technique_to_circuit,0.15,CONSTRAINED,"CONSTRAINED: same mechanism as expert_testimony, institutional source",,,universal,L3_technique,,
tech.authority_endorsement.circuit.deliberation,technique_to_circuit,0.85,CONSTRAINED,"CONSTRAINED: same mechanism as expert_testimony, institutional source",,,universal,L3_technique,,OUTLIER
tech.authority_endorsement.insula_mod,technique_to_circuit,0.0,CONSTRAINED,"CONSTRAINED: same mechanism as expert_testimony, institutional source",,,universal,L3_technique,,
tech.bandwagon.appraisal.certainty,technique_to_circuit,0.1,CONSTRAINED,CONSTRAINED: Salganik 2006 — social cascades are self-fulfilling,,,universal,L3_technique,,
tech.bandwagon.appraisal.temporal_proximity,technique_to_circuit,0.05,CONSTRAINED,CONSTRAINED: Salganik 2006 — social cascades are self-fulfilling,,,universal,L3_technique,,
tech.bandwagon.circuit.deliberation,technique_to_circuit,0.85,CONSTRAINED,CONSTRAINED: Salganik 2006 — social cascades are self-fulfilling,,,universal,L3_technique,,OUTLIER
tech.bandwagon.insula_mod,technique_to_circuit,0.0,CONSTRAINED,CONSTRAINED: Salganik 2006 — social cascades are self-fulfilling,,,universal,L3_technique,,
tech.bandwagon_pressure.appraisal.agency,technique_to_circuit,-0.2,CONSTRAINED,CONSTRAINED: coercive social pressure — differs from legitimate bandwagon,,,universal,L3_technique,,
tech.bandwagon_pressure.appraisal.certainty,technique_to_circuit,0.05,CONSTRAINED,CONSTRAINED: coercive social pressure — differs from legitimate bandwagon,,,universal,L3_technique,,
tech.bandwagon_pressure.circuit.avoidance,technique_to_circuit,1.1,CONSTRAINED,CONSTRAINED: coercive social pressure — differs from legitimate bandwagon,,,universal,L3_technique,,OUTLIER
tech.bandwagon_pressure.circuit.deliberation,technique_to_circuit,0.85,CONSTRAINED,CONSTRAINED: coercive social pressure — differs from legitimate bandwagon,,,universal,L3_technique,,OUTLIER
tech.bandwagon_pressure.insula_mod,technique_to_circuit,0.2,CONSTRAINED,CONSTRAINED: coercive social pressure — differs from legitimate bandwagon,,,universal,L3_technique,,
tech.calibrated_question.appraisal.agency,technique_to_circuit,0.15,CONSTRAINED,CONSTRAINED: Voss (Never Split the Difference) — gives the illusion of control by making the other p,,,universal,L3_technique,,
tech.calibrated_question.appraisal.goal_relevance,technique_to_circuit,0.1,CONSTRAINED,CONSTRAINED: Voss (Never Split the Difference) — gives the illusion of control by making the other p,,,universal,L3_technique,,
tech.calibrated_question.circuit.deliberation,technique_to_circuit,1.2,CONSTRAINED,CONSTRAINED: Voss (Never Split the Difference) — gives the illusion of control by making the other p,,,universal,L3_technique,,OUTLIER
tech.calibrated_question.insula_mod,technique_to_circuit,-0.1,CONSTRAINED,CONSTRAINED: Voss (Never Split the Difference) — gives the illusion of control by making the other p,,,universal,L3_technique,,
tech.commitment_consistency.appraisal.agency,technique_to_circuit,-0.05,CONSTRAINED,CONSTRAINED: Cialdini 2001 — consistency principle,,,universal,L3_technique,,
tech.commitment_consistency.appraisal.certainty,technique_to_circuit,0.1,CONSTRAINED,CONSTRAINED: Cialdini 2001 — consistency principle,,,universal,L3_technique,,
tech.commitment_consistency.insula_mod,technique_to_circuit,0.0,CONSTRAINED,CONSTRAINED: Cialdini 2001 — consistency principle,,,universal,L3_technique,,
tech.contrast_principle.appraisal.coping_potential,technique_to_circuit,0.1,CONSTRAINED,CONSTRAINED: Cialdini 2001 — sequential contrast shifts the reference point. The target option appea,,,universal,L3_technique,,
tech.contrast_principle.appraisal.valence,technique_to_circuit,0.1,CONSTRAINED,CONSTRAINED: Cialdini 2001 — sequential contrast shifts the reference point. The target option appea,,,universal,L3_technique,,
tech.contrast_principle.circuit.approach,technique_to_circuit,1.1,CONSTRAINED,CONSTRAINED: Cialdini 2001 — sequential contrast shifts the reference point. The target option appea,,,universal,L3_technique,,OUTLIER
tech.contrast_principle.circuit.deliberation,technique_to_circuit,0.9,CONSTRAINED,CONSTRAINED: Cialdini 2001 — sequential contrast shifts the reference point. The target option appea,,,universal,L3_technique,,OUTLIER
tech.contrast_principle.insula_mod,technique_to_circuit,-0.05,CONSTRAINED,CONSTRAINED: Cialdini 2001 — sequential contrast shifts the reference point. The target option appea,,,universal,L3_technique,,
tech.curiosity_gap.appraisal.goal_relevance,technique_to_circuit,0.15,CONSTRAINED,CONSTRAINED: Loewenstein 1994 (information gap theory) — incomplete information creates aversive aro,,,universal,L3_technique,,
tech.curiosity_gap.appraisal.novelty,technique_to_circuit,0.2,CONSTRAINED,CONSTRAINED: Loewenstein 1994 (information gap theory) — incomplete information creates aversive aro,,,universal,L3_technique,,
tech.curiosity_gap.circuit.approach,technique_to_circuit,1.15,CONSTRAINED,CONSTRAINED: Loewenstein 1994 (information gap theory) — incomplete information creates aversive aro,,,universal,L3_technique,,OUTLIER
tech.curiosity_gap.circuit.deliberation,technique_to_circuit,0.8,CONSTRAINED,CONSTRAINED: Loewenstein 1994 (information gap theory) — incomplete information creates aversive aro,,,universal,L3_technique,,OUTLIER
tech.curiosity_gap.insula_mod,technique_to_circuit,0.0,CONSTRAINED,CONSTRAINED: Loewenstein 1994 (information gap theory) — incomplete information creates aversive aro,,,universal,L3_technique,,
tech.deceptive_information.appraisal.certainty,technique_to_circuit,0.15,CONSTRAINED,CONSTRAINED: false certainty triggers insula when detected,,,universal,L3_technique,,
tech.deceptive_information.insula_mod,technique_to_circuit,0.2,CONSTRAINED,CONSTRAINED: false certainty triggers insula when detected,,,universal,L3_technique,,
tech.door_in_the_face.appraisal.agency,technique_to_circuit,0.05,CONSTRAINED,"CONSTRAINED: Cialdini 1975 — reciprocal concessions. After rejecting the large request, the smaller ",,,universal,L3_technique,,
tech.door_in_the_face.appraisal.coping_potential,technique_to_circuit,0.15,CONSTRAINED,"CONSTRAINED: Cialdini 1975 — reciprocal concessions. After rejecting the large request, the smaller ",,,universal,L3_technique,,
tech.door_in_the_face.circuit.approach,technique_to_circuit,1.1,CONSTRAINED,"CONSTRAINED: Cialdini 1975 — reciprocal concessions. After rejecting the large request, the smaller ",,,universal,L3_technique,,OUTLIER
tech.door_in_the_face.insula_mod,technique_to_circuit,0.0,CONSTRAINED,"CONSTRAINED: Cialdini 1975 — reciprocal concessions. After rejecting the large request, the smaller ",,,universal,L3_technique,,
tech.emotional_appeal_negative.appraisal.goal_relevance,technique_to_circuit,0.1,CONSTRAINED,CONSTRAINED: negative affect increases attention allocation,,,universal,L3_technique,,
tech.emotional_appeal_negative.appraisal.valence,technique_to_circuit,-0.15,CONSTRAINED,CONSTRAINED: negative affect increases attention allocation,,,universal,L3_technique,,
tech.emotional_appeal_negative.circuit.avoidance,technique_to_circuit,1.1,CONSTRAINED,CONSTRAINED: negative affect increases attention allocation,,,universal,L3_technique,,OUTLIER
tech.emotional_appeal_negative.insula_mod,technique_to_circuit,0.0,CONSTRAINED,CONSTRAINED: negative affect increases attention allocation,,,universal,L3_technique,,
tech.emotional_appeal_positive.appraisal.valence,technique_to_circuit,0.2,CONSTRAINED,CONSTRAINED: Brady 2017 — moral-emotional words +20% diffusion,,,universal,L3_technique,,
tech.emotional_appeal_positive.circuit.approach,technique_to_circuit,1.15,CONSTRAINED,CONSTRAINED: Brady 2017 — moral-emotional words +20% diffusion,,,universal,L3_technique,,OUTLIER
tech.emotional_appeal_positive.circuit.deliberation,technique_to_circuit,0.9,CONSTRAINED,CONSTRAINED: Brady 2017 — moral-emotional words +20% diffusion,,,universal,L3_technique,,OUTLIER
tech.emotional_appeal_positive.insula_mod,technique_to_circuit,0.0,CONSTRAINED,CONSTRAINED: Brady 2017 — moral-emotional words +20% diffusion,,,universal,L3_technique,,
tech.emotional_manipulation.appraisal.agency,technique_to_circuit,-0.2,CONSTRAINED,CONSTRAINED: Craig 2009 — agency violation + emotional exploitation = disgust,,,universal,L3_technique,,
tech.emotional_manipulation.appraisal.valence,technique_to_circuit,-0.15,CONSTRAINED,CONSTRAINED: Craig 2009 — agency violation + emotional exploitation = disgust,,,universal,L3_technique,,
tech.emotional_manipulation.circuit.avoidance,technique_to_circuit,1.2,CONSTRAINED,CONSTRAINED: Craig 2009 — agency violation + emotional exploitation = disgust,,,universal,L3_technique,,OUTLIER
tech.emotional_manipulation.insula_mod,technique_to_circuit,0.25,CONSTRAINED,CONSTRAINED: Craig 2009 — agency violation + emotional exploitation = disgust,,,universal,L3_technique,,
tech.empathy_appeal.appraisal.goal_relevance,technique_to_circuit,0.15,CONSTRAINED,CONSTRAINED: TPJ perspective-taking increases goal relevance assessment,,,universal,L3_technique,,
tech.empathy_appeal.appraisal.valence,technique_to_circuit,0.05,CONSTRAINED,CONSTRAINED: TPJ perspective-taking increases goal relevance assessment,,,universal,L3_technique,,
tech.empathy_appeal.insula_mod,technique_to_circuit,0.0,CONSTRAINED,CONSTRAINED: TPJ perspective-taking increases goal relevance assessment,,,universal,L3_technique,,
tech.evidence_based.appraisal.certainty,technique_to_circuit,0.2,CONSTRAINED,CONSTRAINED: specific numbers increase perceived credibility (processing fluency),,,universal,L3_technique,,
tech.evidence_based.appraisal.coping_potential,technique_to_circuit,0.05,CONSTRAINED,CONSTRAINED: specific numbers increase perceived credibility (processing fluency),,,universal,L3_technique,,
tech.evidence_based.insula_mod,technique_to_circuit,-0.05,CONSTRAINED,CONSTRAINED: specific numbers increase perceived credibility (processing fluency),,,universal,L3_technique,,
tech.expert_testimony.appraisal.certainty,technique_to_circuit,0.15,CONSTRAINED,CONSTRAINED: Milgram 1963 — authority reduces independent evaluation,,,universal,L3_technique,,
tech.expert_testimony.circuit.deliberation,technique_to_circuit,0.85,CONSTRAINED,CONSTRAINED: Milgram 1963 — authority reduces independent evaluation,,,universal,L3_technique,,OUTLIER
tech.expert_testimony.insula_mod,technique_to_circuit,0.0,CONSTRAINED,CONSTRAINED: Milgram 1963 — authority reduces independent evaluation,,,universal,L3_technique,,
tech.false_dilemma.appraisal.agency,technique_to_circuit,-0.2,CONSTRAINED,"CONSTRAINED: reduces perceived options, suppresses deliberation",,,universal,L3_technique,,
tech.false_dilemma.appraisal.certainty,technique_to_circuit,0.1,CONSTRAINED,"CONSTRAINED: reduces perceived options, suppresses deliberation",,,universal,L3_technique,,
tech.false_dilemma.circuit.deliberation,technique_to_circuit,0.8,CONSTRAINED,"CONSTRAINED: reduces perceived options, suppresses deliberation",,,universal,L3_technique,,OUTLIER
tech.false_dilemma.insula_mod,technique_to_circuit,0.15,CONSTRAINED,"CONSTRAINED: reduces perceived options, suppresses deliberation",,,universal,L3_technique,,
tech.false_equivalence.appraisal.certainty,technique_to_circuit,-0.1,UNCALIBRATED,UNCALIBRATED: creates false decision framework,,,universal,L3_technique,,
tech.false_equivalence.circuit.deliberation,technique_to_circuit,1.1,UNCALIBRATED,UNCALIBRATED: creates false decision framework,,,universal,L3_technique,,OUTLIER
tech.false_equivalence.insula_mod,technique_to_circuit,0.1,UNCALIBRATED,UNCALIBRATED: creates false decision framework,,,universal,L3_technique,,
tech.false_scarcity.appraisal.agency,technique_to_circuit,-0.2,CONSTRAINED,"CONSTRAINED: Booking.com data — disgust after 2-3 exposures, highest insula trigger",,,universal,L3_technique,,
tech.false_scarcity.appraisal.temporal_proximity,technique_to_circuit,0.2,CONSTRAINED,"CONSTRAINED: Booking.com data — disgust after 2-3 exposures, highest insula trigger",,,universal,L3_technique,,
tech.false_scarcity.circuit.avoidance,technique_to_circuit,1.1,CONSTRAINED,"CONSTRAINED: Booking.com data — disgust after 2-3 exposures, highest insula trigger",,,universal,L3_technique,,OUTLIER
tech.false_scarcity.insula_mod,technique_to_circuit,0.3,CONSTRAINED,"CONSTRAINED: Booking.com data — disgust after 2-3 exposures, highest insula trigger",,,universal,L3_technique,,
tech.false_urgency.appraisal.temporal_proximity,technique_to_circuit,0.3,CONSTRAINED,CONSTRAINED: suppresses deliberation but triggers manipulation detection over time,,,universal,L3_technique,,
tech.false_urgency.circuit.deliberation,technique_to_circuit,0.7,CONSTRAINED,CONSTRAINED: suppresses deliberation but triggers manipulation detection over time,,,universal,L3_technique,,
tech.false_urgency.insula_mod,technique_to_circuit,0.2,CONSTRAINED,CONSTRAINED: suppresses deliberation but triggers manipulation detection over time,,,universal,L3_technique,,
tech.fear_mongering.appraisal.certainty,technique_to_circuit,-0.15,CONSTRAINED,"CONSTRAINED: amplified threat signal, high amygdala activation",,,universal,L3_technique,,
tech.fear_mongering.appraisal.valence,technique_to_circuit,-0.25,CONSTRAINED,"CONSTRAINED: amplified threat signal, high amygdala activation",,,universal,L3_technique,,
tech.fear_mongering.circuit.avoidance,technique_to_circuit,1.4,CONSTRAINED,"CONSTRAINED: amplified threat signal, high amygdala activation",,,universal,L3_technique,,OUTLIER
tech.fear_mongering.insula_mod,technique_to_circuit,0.25,CONSTRAINED,"CONSTRAINED: amplified threat signal, high amygdala activation",,,universal,L3_technique,,
tech.foot_in_the_door.appraisal.certainty,technique_to_circuit,0.05,CONSTRAINED,CONSTRAINED: Freedman & Fraser 1966 — small compliance creates commitment. Each yes lowers the thres,,,universal,L3_technique,,
tech.foot_in_the_door.appraisal.coping_potential,technique_to_circuit,0.1,CONSTRAINED,CONSTRAINED: Freedman & Fraser 1966 — small compliance creates commitment. Each yes lowers the thres,,,universal,L3_technique,,
tech.foot_in_the_door.circuit.approach,technique_to_circuit,1.05,CONSTRAINED,CONSTRAINED: Freedman & Fraser 1966 — small compliance creates commitment. Each yes lowers the thres,,,universal,L3_technique,,OUTLIER
tech.foot_in_the_door.insula_mod,technique_to_circuit,0.0,CONSTRAINED,CONSTRAINED: Freedman & Fraser 1966 — small compliance creates commitment. Each yes lowers the thres,,,universal,L3_technique,,
tech.future_pacing.appraisal.goal_relevance,technique_to_circuit,0.15,UNCALIBRATED,UNCALIBRATED: mental simulation increases approach via NAcc anticipation. Knutson 2007: dopamine fir,,,universal,L3_technique,,
tech.future_pacing.appraisal.temporal_proximity,technique_to_circuit,0.1,UNCALIBRATED,UNCALIBRATED: mental simulation increases approach via NAcc anticipation. Knutson 2007: dopamine fir,,,universal,L3_technique,,
tech.future_pacing.appraisal.valence,technique_to_circuit,0.15,UNCALIBRATED,UNCALIBRATED: mental simulation increases approach via NAcc anticipation. Knutson 2007: dopamine fir,,,universal,L3_technique,,
tech.future_pacing.circuit.approach,technique_to_circuit,1.15,UNCALIBRATED,UNCALIBRATED: mental simulation increases approach via NAcc anticipation. Knutson 2007: dopamine fir,,,universal,L3_technique,,OUTLIER
tech.future_pacing.insula_mod,technique_to_circuit,0.0,UNCALIBRATED,UNCALIBRATED: mental simulation increases approach via NAcc anticipation. Knutson 2007: dopamine fir,,,universal,L3_technique,,
tech.gain_frame.appraisal.valence,technique_to_circuit,0.1,CONSTRAINED,CONSTRAINED: Kahneman & Tversky 1979 — gain framing produces moderate approach,,,universal,L3_technique,,
tech.gain_frame.circuit.approach,technique_to_circuit,1.05,CONSTRAINED,CONSTRAINED: Kahneman & Tversky 1979 — gain framing produces moderate approach,,,universal,L3_technique,,OUTLIER
tech.gain_frame.insula_mod,technique_to_circuit,0.0,CONSTRAINED,CONSTRAINED: Kahneman & Tversky 1979 — gain framing produces moderate approach,,,universal,L3_technique,,
tech.gaslighting.appraisal.agency,technique_to_circuit,-0.3,CONSTRAINED,"CONSTRAINED: undermines confidence in own judgment, high insula activation",,,universal,L3_technique,,
tech.gaslighting.appraisal.certainty,technique_to_circuit,-0.25,CONSTRAINED,"CONSTRAINED: undermines confidence in own judgment, high insula activation",,,universal,L3_technique,,
tech.gaslighting.circuit.deliberation,technique_to_circuit,1.3,CONSTRAINED,"CONSTRAINED: undermines confidence in own judgment, high insula activation",,,universal,L3_technique,,OUTLIER
tech.gaslighting.insula_mod,technique_to_circuit,0.3,CONSTRAINED,"CONSTRAINED: undermines confidence in own judgment, high insula activation",,,universal,L3_technique,,
tech.guilt_tripping.appraisal.agency,technique_to_circuit,-0.15,CONSTRAINED,"CONSTRAINED: guilt produces avoidance of the guilt state, compliance as escape",,,universal,L3_technique,,
tech.guilt_tripping.appraisal.valence,technique_to_circuit,-0.2,CONSTRAINED,"CONSTRAINED: guilt produces avoidance of the guilt state, compliance as escape",,,universal,L3_technique,,
tech.guilt_tripping.circuit.approach,technique_to_circuit,1.05,CONSTRAINED,"CONSTRAINED: guilt produces avoidance of the guilt state, compliance as escape",,,universal,L3_technique,,OUTLIER
tech.guilt_tripping.circuit.avoidance,technique_to_circuit,1.15,CONSTRAINED,"CONSTRAINED: guilt produces avoidance of the guilt state, compliance as escape",,,universal,L3_technique,,OUTLIER
tech.guilt_tripping.insula_mod,technique_to_circuit,0.15,CONSTRAINED,"CONSTRAINED: guilt produces avoidance of the guilt state, compliance as escape",,,universal,L3_technique,,
tech.high_ground_maneuver.appraisal.agency,technique_to_circuit,-0.15,UNCALIBRATED,"UNCALIBRATED: Adams (Win Bigly 2017) — reframes to universally held value, disagreement becomes cost",,,universal,L3_technique,,
tech.high_ground_maneuver.appraisal.certainty,technique_to_circuit,0.2,UNCALIBRATED,"UNCALIBRATED: Adams (Win Bigly 2017) — reframes to universally held value, disagreement becomes cost",,,universal,L3_technique,,
tech.high_ground_maneuver.appraisal.goal_relevance,technique_to_circuit,0.1,UNCALIBRATED,"UNCALIBRATED: Adams (Win Bigly 2017) — reframes to universally held value, disagreement becomes cost",,,universal,L3_technique,,
tech.high_ground_maneuver.circuit.approach,technique_to_circuit,1.15,UNCALIBRATED,"UNCALIBRATED: Adams (Win Bigly 2017) — reframes to universally held value, disagreement becomes cost",,,universal,L3_technique,,OUTLIER
tech.high_ground_maneuver.circuit.deliberation,technique_to_circuit,0.65,UNCALIBRATED,"UNCALIBRATED: Adams (Win Bigly 2017) — reframes to universally held value, disagreement becomes cost",,,universal,L3_technique,,
tech.high_ground_maneuver.insula_mod,technique_to_circuit,0.0,UNCALIBRATED,"UNCALIBRATED: Adams (Win Bigly 2017) — reframes to universally held value, disagreement becomes cost",,,universal,L3_technique,,
tech.identity_lock.appraisal.certainty,technique_to_circuit,0.1,UNCALIBRATED,UNCALIBRATED: Cialdini (commitment/consistency) + social identity theory. Compliance = identity conf,,,universal,L3_technique,,
tech.identity_lock.appraisal.goal_relevance,technique_to_circuit,0.2,UNCALIBRATED,UNCALIBRATED: Cialdini (commitment/consistency) + social identity theory. Compliance = identity conf,,,universal,L3_technique,,
tech.identity_lock.circuit.approach,technique_to_circuit,1.2,UNCALIBRATED,UNCALIBRATED: Cialdini (commitment/consistency) + social identity theory. Compliance = identity conf,,,universal,L3_technique,,OUTLIER
tech.identity_lock.circuit.deliberation,technique_to_circuit,0.75,UNCALIBRATED,UNCALIBRATED: Cialdini (commitment/consistency) + social identity theory. Compliance = identity conf,,,universal,L3_technique,,
tech.identity_lock.insula_mod,technique_to_circuit,0.0,UNCALIBRATED,UNCALIBRATED: Cialdini (commitment/consistency) + social identity theory. Compliance = identity conf,,,universal,L3_technique,,
tech.labeling.appraisal.agency,technique_to_circuit,0.1,CONSTRAINED,CONSTRAINED: Voss (Never Split the Difference) — labeling emotions reduces amygdala reactivity (Lieb,,,universal,L3_technique,,
tech.labeling.appraisal.valence,technique_to_circuit,0.1,CONSTRAINED,CONSTRAINED: Voss (Never Split the Difference) — labeling emotions reduces amygdala reactivity (Lieb,,,universal,L3_technique,,
tech.labeling.circuit.deliberation,technique_to_circuit,0.85,CONSTRAINED,CONSTRAINED: Voss (Never Split the Difference) — labeling emotions reduces amygdala reactivity (Lieb,,,universal,L3_technique,,OUTLIER
tech.labeling.insula_mod,technique_to_circuit,-0.15,CONSTRAINED,CONSTRAINED: Voss (Never Split the Difference) — labeling emotions reduces amygdala reactivity (Lieb,,,universal,L3_technique,,
tech.linguistic_kill_shot.appraisal.certainty,technique_to_circuit,0.15,UNCALIBRATED,UNCALIBRATED: Adams (Win Bigly) — a short sticky label that bypasses deliberation via novelty + cert,,,universal,L3_technique,,
tech.linguistic_kill_shot.appraisal.novelty,technique_to_circuit,0.15,UNCALIBRATED,UNCALIBRATED: Adams (Win Bigly) — a short sticky label that bypasses deliberation via novelty + cert,,,universal,L3_technique,,
tech.linguistic_kill_shot.appraisal.valence,technique_to_circuit,-0.25,UNCALIBRATED,UNCALIBRATED: Adams (Win Bigly) — a short sticky label that bypasses deliberation via novelty + cert,,,universal,L3_technique,,
tech.linguistic_kill_shot.circuit.avoidance,technique_to_circuit,1.3,UNCALIBRATED,UNCALIBRATED: Adams (Win Bigly) — a short sticky label that bypasses deliberation via novelty + cert,,,universal,L3_technique,,OUTLIER
tech.linguistic_kill_shot.circuit.deliberation,technique_to_circuit,0.7,UNCALIBRATED,UNCALIBRATED: Adams (Win Bigly) — a short sticky label that bypasses deliberation via novelty + cert,,,universal,L3_technique,,
tech.linguistic_kill_shot.insula_mod,technique_to_circuit,0.2,UNCALIBRATED,UNCALIBRATED: Adams (Win Bigly) — a short sticky label that bypasses deliberation via novelty + cert,,,universal,L3_technique,,
tech.logical_appeal.appraisal.certainty,technique_to_circuit,0.15,CONSTRAINED,CONSTRAINED: Petty & Cacioppo 1986 — central route processing increases with argument quality,,,universal,L3_technique,,
tech.logical_appeal.circuit.deliberation,technique_to_circuit,1.15,CONSTRAINED,CONSTRAINED: Petty & Cacioppo 1986 — central route processing increases with argument quality,,,universal,L3_technique,,OUTLIER
tech.logical_appeal.insula_mod,technique_to_circuit,0.0,CONSTRAINED,CONSTRAINED: Petty & Cacioppo 1986 — central route processing increases with argument quality,,,universal,L3_technique,,
tech.loss_frame.appraisal.valence,technique_to_circuit,-0.1,CONSTRAINED,CONSTRAINED: loss aversion ~2x gain — avoidance AND approach both increase,,,universal,L3_technique,,
tech.loss_frame.circuit.approach,technique_to_circuit,1.1,CONSTRAINED,CONSTRAINED: loss aversion ~2x gain — avoidance AND approach both increase,,,universal,L3_technique,,OUTLIER
tech.loss_frame.circuit.avoidance,technique_to_circuit,1.15,CONSTRAINED,CONSTRAINED: loss aversion ~2x gain — avoidance AND approach both increase,,,universal,L3_technique,,OUTLIER
tech.loss_frame.insula_mod,technique_to_circuit,0.0,CONSTRAINED,CONSTRAINED: loss aversion ~2x gain — avoidance AND approach both increase,,,universal,L3_technique,,
tech.manipulative_flattery.appraisal.agency,technique_to_circuit,0.1,CONSTRAINED,CONSTRAINED: flattery suppresses critical evaluation but triggers insula when detected,,,universal,L3_technique,,
tech.manipulative_flattery.appraisal.valence,technique_to_circuit,0.15,CONSTRAINED,CONSTRAINED: flattery suppresses critical evaluation but triggers insula when detected,,,universal,L3_technique,,
tech.manipulative_flattery.circuit.deliberation,technique_to_circuit,0.8,CONSTRAINED,CONSTRAINED: flattery suppresses critical evaluation but triggers insula when detected,,,universal,L3_technique,,OUTLIER
tech.manipulative_flattery.insula_mod,technique_to_circuit,0.15,CONSTRAINED,CONSTRAINED: flattery suppresses critical evaluation but triggers insula when detected,,,universal,L3_technique,,
tech.name_calling.appraisal.agency,technique_to_circuit,-0.1,UNCALIBRATED,UNCALIBRATED: dehumanizing labels trigger strong avoidance,,,universal,L3_technique,,
tech.name_calling.appraisal.valence,technique_to_circuit,-0.25,UNCALIBRATED,UNCALIBRATED: dehumanizing labels trigger strong avoidance,,,universal,L3_technique,,
tech.name_calling.circuit.avoidance,technique_to_circuit,1.25,UNCALIBRATED,UNCALIBRATED: dehumanizing labels trigger strong avoidance,,,universal,L3_technique,,OUTLIER
tech.name_calling.insula_mod,technique_to_circuit,0.2,UNCALIBRATED,UNCALIBRATED: dehumanizing labels trigger strong avoidance,,,universal,L3_technique,,
tech.obfuscation.appraisal.certainty,technique_to_circuit,-0.2,CONSTRAINED,CONSTRAINED: complex language increases cognitive load and suspicion,,,universal,L3_technique,,
tech.obfuscation.appraisal.coping_potential,technique_to_circuit,-0.15,CONSTRAINED,CONSTRAINED: complex language increases cognitive load and suspicion,,,universal,L3_technique,,
tech.obfuscation.circuit.deliberation,technique_to_circuit,1.3,CONSTRAINED,CONSTRAINED: complex language increases cognitive load and suspicion,,,universal,L3_technique,,OUTLIER
tech.obfuscation.insula_mod,technique_to_circuit,0.15,CONSTRAINED,CONSTRAINED: complex language increases cognitive load and suspicion,,,universal,L3_technique,,
tech.pacing_and_leading.appraisal.agency,technique_to_circuit,0.05,CONSTRAINED,"CONSTRAINED: Bandler & Grinder (NLP) — pacing builds rapport (lowers insula), leading redirects with",,,universal,L3_technique,,
tech.pacing_and_leading.appraisal.certainty,technique_to_circuit,0.1,CONSTRAINED,"CONSTRAINED: Bandler & Grinder (NLP) — pacing builds rapport (lowers insula), leading redirects with",,,universal,L3_technique,,
tech.pacing_and_leading.appraisal.valence,technique_to_circuit,0.1,CONSTRAINED,"CONSTRAINED: Bandler & Grinder (NLP) — pacing builds rapport (lowers insula), leading redirects with",,,universal,L3_technique,,
tech.pacing_and_leading.circuit.approach,technique_to_circuit,1.1,CONSTRAINED,"CONSTRAINED: Bandler & Grinder (NLP) — pacing builds rapport (lowers insula), leading redirects with",,,universal,L3_technique,,OUTLIER
tech.pacing_and_leading.circuit.deliberation,technique_to_circuit,0.85,CONSTRAINED,"CONSTRAINED: Bandler & Grinder (NLP) — pacing builds rapport (lowers insula), leading redirects with",,,universal,L3_technique,,OUTLIER
tech.pacing_and_leading.insula_mod,technique_to_circuit,-0.1,CONSTRAINED,"CONSTRAINED: Bandler & Grinder (NLP) — pacing builds rapport (lowers insula), leading redirects with",,,universal,L3_technique,,
tech.perspective_shifting.appraisal.goal_relevance,technique_to_circuit,0.1,UNCALIBRATED,UNCALIBRATED: reframing activates TPJ perspective-taking,,,universal,L3_technique,,
tech.perspective_shifting.appraisal.novelty,technique_to_circuit,0.1,UNCALIBRATED,UNCALIBRATED: reframing activates TPJ perspective-taking,,,universal,L3_technique,,
tech.perspective_shifting.insula_mod,technique_to_circuit,0.0,UNCALIBRATED,UNCALIBRATED: reframing activates TPJ perspective-taking,,,universal,L3_technique,,
tech.presupposition.appraisal.certainty,technique_to_circuit,0.15,UNCALIBRATED,UNCALIBRATED: linguistic presupposition bypasses evaluation. The embedded claim is processed as back,,,universal,L3_technique,,
tech.presupposition.circuit.deliberation,technique_to_circuit,0.7,UNCALIBRATED,UNCALIBRATED: linguistic presupposition bypasses evaluation. The embedded claim is processed as back,,,universal,L3_technique,,
tech.presupposition.insula_mod,technique_to_circuit,0.0,UNCALIBRATED,UNCALIBRATED: linguistic presupposition bypasses evaluation. The embedded claim is processed as back,,,universal,L3_technique,,
tech.reciprocity.appraisal.agency,technique_to_circuit,-0.1,CONSTRAINED,CONSTRAINED: vmPFC debt-tracking activates compliance to restore balance,,,universal,L3_technique,,
tech.reciprocity.appraisal.valence,technique_to_circuit,0.15,CONSTRAINED,CONSTRAINED: vmPFC debt-tracking activates compliance to restore balance,,,universal,L3_technique,,
tech.reciprocity.circuit.approach,technique_to_circuit,1.1,CONSTRAINED,CONSTRAINED: vmPFC debt-tracking activates compliance to restore balance,,,universal,L3_technique,,OUTLIER
tech.reciprocity.insula_mod,technique_to_circuit,0.0,CONSTRAINED,CONSTRAINED: vmPFC debt-tracking activates compliance to restore balance,,,universal,L3_technique,,
tech.red_herring.appraisal.goal_relevance,technique_to_circuit,-0.2,UNCALIBRATED,UNCALIBRATED: diversion reduces relevance assessment,,,universal,L3_technique,,
tech.red_herring.insula_mod,technique_to_circuit,0.1,UNCALIBRATED,UNCALIBRATED: diversion reduces relevance assessment,,,universal,L3_technique,,
tech.rhetorical_question.appraisal.goal_relevance,technique_to_circuit,0.1,UNCALIBRATED,UNCALIBRATED: rhetorical questions activate self-referential processing,,,universal,L3_technique,,
tech.rhetorical_question.insula_mod,technique_to_circuit,0.0,UNCALIBRATED,UNCALIBRATED: rhetorical questions activate self-referential processing,,,universal,L3_technique,,
tech.scarcity_appeal.appraisal.agency,technique_to_circuit,-0.1,CONSTRAINED,CONSTRAINED: real scarcity increases NAc valuation (variable-ratio),,,universal,L3_technique,,
tech.scarcity_appeal.appraisal.temporal_proximity,technique_to_circuit,0.25,CONSTRAINED,CONSTRAINED: real scarcity increases NAc valuation (variable-ratio),,,universal,L3_technique,,
tech.scarcity_appeal.circuit.avoidance,technique_to_circuit,1.1,CONSTRAINED,CONSTRAINED: real scarcity increases NAc valuation (variable-ratio),,,universal,L3_technique,,OUTLIER
tech.scarcity_appeal.circuit.deliberation,technique_to_circuit,0.85,CONSTRAINED,CONSTRAINED: real scarcity increases NAc valuation (variable-ratio),,,universal,L3_technique,,OUTLIER
tech.scarcity_appeal.insula_mod,technique_to_circuit,0.0,CONSTRAINED,CONSTRAINED: real scarcity increases NAc valuation (variable-ratio),,,universal,L3_technique,,
tech.self_disclosure.appraisal.agency,technique_to_circuit,0.05,CONSTRAINED,CONSTRAINED: Collins & Miller 1994 — self-disclosure creates reciprocal liking,,,universal,L3_technique,,
tech.self_disclosure.appraisal.valence,technique_to_circuit,0.1,CONSTRAINED,CONSTRAINED: Collins & Miller 1994 — self-disclosure creates reciprocal liking,,,universal,L3_technique,,
tech.self_disclosure.insula_mod,technique_to_circuit,-0.1,CONSTRAINED,CONSTRAINED: Collins & Miller 1994 — self-disclosure creates reciprocal liking,,,universal,L3_technique,,
tech.slippery_slope.appraisal.certainty,technique_to_circuit,-0.15,UNCALIBRATED,UNCALIBRATED: exaggerated consequences trigger moderate avoidance,,,universal,L3_technique,,
tech.slippery_slope.appraisal.valence,technique_to_circuit,-0.1,UNCALIBRATED,UNCALIBRATED: exaggerated consequences trigger moderate avoidance,,,universal,L3_technique,,
tech.slippery_slope.circuit.avoidance,technique_to_circuit,1.1,UNCALIBRATED,UNCALIBRATED: exaggerated consequences trigger moderate avoidance,,,universal,L3_technique,,OUTLIER
tech.slippery_slope.insula_mod,technique_to_circuit,0.1,UNCALIBRATED,UNCALIBRATED: exaggerated consequences trigger moderate avoidance,,,universal,L3_technique,,
tech.social_proof.appraisal.certainty,technique_to_circuit,0.2,CONSTRAINED,CONSTRAINED: A/B data — social proof +34% conversion at decision point,,,universal,L3_technique,,
tech.social_proof.appraisal.goal_relevance,technique_to_circuit,0.05,CONSTRAINED,CONSTRAINED: A/B data — social proof +34% conversion at decision point,,,universal,L3_technique,,
tech.social_proof.circuit.deliberation,technique_to_circuit,0.8,CONSTRAINED,CONSTRAINED: A/B data — social proof +34% conversion at decision point,,,universal,L3_technique,,OUTLIER
tech.social_proof.insula_mod,technique_to_circuit,0.0,CONSTRAINED,CONSTRAINED: A/B data — social proof +34% conversion at decision point,,,universal,L3_technique,,
tech.storytelling.appraisal.goal_relevance,technique_to_circuit,0.1,CONSTRAINED,CONSTRAINED: Green & Brock 2000 — narrative transportation reduces critical evaluation,,,universal,L3_technique,,
tech.storytelling.appraisal.valence,technique_to_circuit,0.1,CONSTRAINED,CONSTRAINED: Green & Brock 2000 — narrative transportation reduces critical evaluation,,,universal,L3_technique,,
tech.storytelling.circuit.deliberation,technique_to_circuit,0.7,CONSTRAINED,CONSTRAINED: Green & Brock 2000 — narrative transportation reduces critical evaluation,,,universal,L3_technique,,
tech.storytelling.insula_mod,technique_to_circuit,0.0,CONSTRAINED,CONSTRAINED: Green & Brock 2000 — narrative transportation reduces critical evaluation,,,universal,L3_technique,,
tech.straw_man.appraisal.certainty,technique_to_circuit,-0.1,UNCALIBRATED,UNCALIBRATED: misrepresentation detected by ACC conflict monitoring,,,universal,L3_technique,,
tech.straw_man.circuit.deliberation,technique_to_circuit,1.15,UNCALIBRATED,UNCALIBRATED: misrepresentation detected by ACC conflict monitoring,,,universal,L3_technique,,OUTLIER
tech.straw_man.insula_mod,technique_to_circuit,0.15,UNCALIBRATED,UNCALIBRATED: misrepresentation detected by ACC conflict monitoring,,,universal,L3_technique,,
tech.thinking_past_the_sale.appraisal.certainty,technique_to_circuit,0.2,UNCALIBRATED,UNCALIBRATED: Adams (Win Bigly) — presupposes the decision is made. Deliberation strongly suppressed,,,universal,L3_technique,,
tech.thinking_past_the_sale.appraisal.temporal_proximity,technique_to_circuit,0.15,UNCALIBRATED,UNCALIBRATED: Adams (Win Bigly) — presupposes the decision is made. Deliberation strongly suppressed,,,universal,L3_technique,,
tech.thinking_past_the_sale.circuit.approach,technique_to_circuit,1.15,UNCALIBRATED,UNCALIBRATED: Adams (Win Bigly) — presupposes the decision is made. Deliberation strongly suppressed,,,universal,L3_technique,,OUTLIER
tech.thinking_past_the_sale.circuit.deliberation,technique_to_circuit,0.6,UNCALIBRATED,UNCALIBRATED: Adams (Win Bigly) — presupposes the decision is made. Deliberation strongly suppressed,,,universal,L3_technique,,
tech.thinking_past_the_sale.insula_mod,technique_to_circuit,0.0,UNCALIBRATED,UNCALIBRATED: Adams (Win Bigly) — presupposes the decision is made. Deliberation strongly suppressed,,,universal,L3_technique,,
tech.unity.appraisal.agency,technique_to_circuit,0.05,CONSTRAINED,CONSTRAINED: Cialdini (Pre-Suasion 2016) — 7th principle. Shared identity creates compliance via bel,,,universal,L3_technique,,
tech.unity.appraisal.goal_relevance,technique_to_circuit,0.15,CONSTRAINED,CONSTRAINED: Cialdini (Pre-Suasion 2016) — 7th principle. Shared identity creates compliance via bel,,,universal,L3_technique,,
tech.unity.appraisal.valence,technique_to_circuit,0.1,CONSTRAINED,CONSTRAINED: Cialdini (Pre-Suasion 2016) — 7th principle. Shared identity creates compliance via bel,,,universal,L3_technique,,
tech.unity.circuit.approach,technique_to_circuit,1.15,CONSTRAINED,CONSTRAINED: Cialdini (Pre-Suasion 2016) — 7th principle. Shared identity creates compliance via bel,,,universal,L3_technique,,OUTLIER
tech.unity.circuit.deliberation,technique_to_circuit,0.85,CONSTRAINED,CONSTRAINED: Cialdini (Pre-Suasion 2016) — 7th principle. Shared identity creates compliance via bel,,,universal,L3_technique,,OUTLIER
tech.unity.insula_mod,technique_to_circuit,-0.1,CONSTRAINED,CONSTRAINED: Cialdini (Pre-Suasion 2016) — 7th principle. Shared identity creates compliance via bel,,,universal,L3_technique,,
tech.urgency_appeal.appraisal.temporal_proximity,technique_to_circuit,0.25,CONSTRAINED,CONSTRAINED: A/B data — urgency 10-30% conversion lift when real,,,universal,L3_technique,,
tech.urgency_appeal.circuit.deliberation,technique_to_circuit,0.8,CONSTRAINED,CONSTRAINED: A/B data — urgency 10-30% conversion lift when real,,,universal,L3_technique,,OUTLIER
tech.urgency_appeal.insula_mod,technique_to_circuit,0.0,CONSTRAINED,CONSTRAINED: A/B data — urgency 10-30% conversion lift when real,,,universal,L3_technique,,
tech.whataboutism.appraisal.goal_relevance,technique_to_circuit,-0.15,UNCALIBRATED,UNCALIBRATED: deflection reduces perceived relevance of original topic,,,universal,L3_technique,,
tech.whataboutism.circuit.deliberation,technique_to_circuit,1.1,UNCALIBRATED,UNCALIBRATED: deflection reduces perceived relevance of original topic,,,universal,L3_technique,,OUTLIER
tech.whataboutism.insula_mod,technique_to_circuit,0.1,UNCALIBRATED,UNCALIBRATED: deflection reduces perceived relevance of original topic,,,universal,L3_technique,,
