technique,mft_profile,immediate_compliance,retaliation_probability,insula_activation
ad_hominem,authority_dominant,0.4643,0.0015,0.15
ad_hominem,balanced_mft,0.4643,0.0015,0.15
ad_hominem,care_dominant,0.4643,0.0015,0.15
ad_hominem,conservative_mft,0.4658,0.0039,0.15
ad_hominem,fairness_dominant,0.4643,0.0015,0.15
ad_hominem,high_moral,0.4654,0.0033,0.15
ad_hominem,inverted,0.4654,0.0033,0.15
ad_hominem,liberal_mft,0.4643,0.0015,0.15
ad_hominem,liberty_dominant,0.4643,0.0015,0.15
ad_hominem,low_moral,0.4643,0.0015,0.15
ad_hominem,loyalty_dominant,0.4643,0.0015,0.15
ad_hominem,sanctity_dominant,0.4654,0.0033,0.15
anchoring,authority_dominant,0.4687,0.0,0.0
anchoring,balanced_mft,0.4687,0.0,0.0
anchoring,care_dominant,0.4687,0.0,0.0
anchoring,conservative_mft,0.4687,0.0,0.0
anchoring,fairness_dominant,0.4687,0.0,0.0
anchoring,high_moral,0.4687,0.0,0.0
anchoring,inverted,0.4687,0.0,0.0
anchoring,liberal_mft,0.4687,0.0,0.0
anchoring,liberty_dominant,0.4687,0.0,0.0
anchoring,low_moral,0.4687,0.0,0.0
anchoring,loyalty_dominant,0.4687,0.0,0.0
anchoring,sanctity_dominant,0.4687,0.0,0.0
appeal_to_ignorance,authority_dominant,0.5069,0.0,0.0667
appeal_to_ignorance,balanced_mft,0.5069,0.0,0.0667
appeal_to_ignorance,care_dominant,0.5069,0.0,0.0667
appeal_to_ignorance,conservative_mft,0.5072,0.0,0.0667
appeal_to_ignorance,fairness_dominant,0.5069,0.0,0.0667
appeal_to_ignorance,high_moral,0.5071,0.0,0.0667
appeal_to_ignorance,inverted,0.5071,0.0,0.0667
appeal_to_ignorance,liberal_mft,0.5069,0.0,0.0667
appeal_to_ignorance,liberty_dominant,0.5069,0.0,0.0667
appeal_to_ignorance,low_moral,0.5069,0.0,0.0667
appeal_to_ignorance,loyalty_dominant,0.5069,0.0,0.0667
appeal_to_ignorance,sanctity_dominant,0.5071,0.0,0.0667
appeal_to_pity,authority_dominant,0.5219,0.0,0.1
appeal_to_pity,balanced_mft,0.5219,0.0,0.1
appeal_to_pity,care_dominant,0.5669,0.0,0.1
appeal_to_pity,conservative_mft,0.5227,0.0,0.1
appeal_to_pity,fairness_dominant,0.5219,0.0,0.1
appeal_to_pity,high_moral,0.5675,0.0,0.1
appeal_to_pity,inverted,0.5225,0.0,0.1
appeal_to_pity,liberal_mft,0.6123,0.0,0.1
appeal_to_pity,liberty_dominant,0.5219,0.0,0.1
appeal_to_pity,low_moral,0.5219,0.0,0.1
appeal_to_pity,loyalty_dominant,0.5219,0.0,0.1
appeal_to_pity,sanctity_dominant,0.5225,0.0,0.1
authority_endorsement,authority_dominant,0.5022,0.0,0.0
authority_endorsement,balanced_mft,0.4835,0.0,0.0
authority_endorsement,care_dominant,0.4835,0.0,0.0
authority_endorsement,conservative_mft,0.533,0.0,0.0
authority_endorsement,fairness_dominant,0.4835,0.0,0.0
authority_endorsement,high_moral,0.5167,0.0,0.0
authority_endorsement,inverted,0.5167,0.0,0.0
authority_endorsement,liberal_mft,0.4835,0.0,0.0
authority_endorsement,liberty_dominant,0.4835,0.0,0.0
authority_endorsement,low_moral,0.4835,0.0,0.0
authority_endorsement,loyalty_dominant,0.496,0.0,0.0
authority_endorsement,sanctity_dominant,0.4835,0.0,0.0
bandwagon,authority_dominant,0.4822,0.0,0.0667
bandwagon,balanced_mft,0.4822,0.0,0.0667
bandwagon,care_dominant,0.4822,0.0,0.0667
bandwagon,conservative_mft,0.5358,0.0,0.0667
bandwagon,fairness_dominant,0.4822,0.0,0.0667
bandwagon,high_moral,0.5216,0.0,0.0667
bandwagon,inverted,0.5197,0.0,0.0667
bandwagon,liberal_mft,0.484,0.0,0.0667
bandwagon,liberty_dominant,0.484,0.0,0.0667
bandwagon,low_moral,0.4822,0.0,0.0667
bandwagon,loyalty_dominant,0.5192,0.0,0.0667
bandwagon,sanctity_dominant,0.4826,0.0,0.0667
bandwagon_pressure,authority_dominant,0.5081,0.0,0.2
bandwagon_pressure,balanced_mft,0.5081,0.0,0.2
bandwagon_pressure,care_dominant,0.5081,0.0,0.2
bandwagon_pressure,conservative_mft,0.5596,0.0,0.2
bandwagon_pressure,fairness_dominant,0.5081,0.0,0.2
bandwagon_pressure,high_moral,0.5595,0.0,0.2
bandwagon_pressure,inverted,0.5537,0.0,0.2
bandwagon_pressure,liberal_mft,0.5138,0.0,0.2
bandwagon_pressure,liberty_dominant,0.5138,0.0,0.2
bandwagon_pressure,low_moral,0.5081,0.0,0.2
bandwagon_pressure,loyalty_dominant,0.5524,0.0,0.2
bandwagon_pressure,sanctity_dominant,0.5094,0.0,0.2
commitment_consistency,authority_dominant,0.5297,0.0,0.0
commitment_consistency,balanced_mft,0.5297,0.0,0.0
commitment_consistency,care_dominant,0.5297,0.0,0.0
commitment_consistency,conservative_mft,0.5297,0.0,0.0
commitment_consistency,fairness_dominant,0.5297,0.0,0.0
commitment_consistency,high_moral,0.5297,0.0,0.0
commitment_consistency,inverted,0.5297,0.0,0.0
commitment_consistency,liberal_mft,0.5297,0.0,0.0
commitment_consistency,liberty_dominant,0.5297,0.0,0.0
commitment_consistency,low_moral,0.5297,0.0,0.0
commitment_consistency,loyalty_dominant,0.5297,0.0,0.0
commitment_consistency,sanctity_dominant,0.5297,0.0,0.0
deceptive_information,authority_dominant,0.4912,0.0,0.1833
deceptive_information,balanced_mft,0.4912,0.0,0.1833
deceptive_information,care_dominant,0.4912,0.0,0.1833
deceptive_information,conservative_mft,0.5214,0.0,0.1833
deceptive_information,fairness_dominant,0.4912,0.0,0.1833
deceptive_information,high_moral,0.5209,0.0,0.1833
deceptive_information,inverted,0.5209,0.0,0.1833
deceptive_information,liberal_mft,0.4912,0.0,0.1833
deceptive_information,liberty_dominant,0.4912,0.0,0.1833
deceptive_information,low_moral,0.4912,0.0,0.1833
deceptive_information,loyalty_dominant,0.5197,0.0,0.1833
deceptive_information,sanctity_dominant,0.4924,0.0,0.1833
emotional_appeal_negative,authority_dominant,0.4773,0.0,0.0
emotional_appeal_negative,balanced_mft,0.4773,0.0,0.0
emotional_appeal_negative,care_dominant,0.5282,0.0,0.0
emotional_appeal_negative,conservative_mft,0.4773,0.0,0.0
emotional_appeal_negative,fairness_dominant,0.4773,0.0,0.0
emotional_appeal_negative,high_moral,0.5282,0.0,0.0
emotional_appeal_negative,inverted,0.4773,0.0,0.0
emotional_appeal_negative,liberal_mft,0.5659,0.0,0.0
emotional_appeal_negative,liberty_dominant,0.4773,0.0,0.0
emotional_appeal_negative,low_moral,0.4773,0.0,0.0
emotional_appeal_negative,loyalty_dominant,0.4773,0.0,0.0
emotional_appeal_negative,sanctity_dominant,0.4773,0.0,0.0
emotional_appeal_positive,authority_dominant,0.5828,0.0,0.0
emotional_appeal_positive,balanced_mft,0.5828,0.0,0.0
emotional_appeal_positive,care_dominant,0.6624,0.0,0.0
emotional_appeal_positive,conservative_mft,0.5828,0.0,0.0
emotional_appeal_positive,fairness_dominant,0.5828,0.0,0.0
emotional_appeal_positive,high_moral,0.6624,0.0,0.0
emotional_appeal_positive,inverted,0.5828,0.0,0.0
emotional_appeal_positive,liberal_mft,0.7295,0.0,0.0
emotional_appeal_positive,liberty_dominant,0.5828,0.0,0.0
emotional_appeal_positive,low_moral,0.5828,0.0,0.0
emotional_appeal_positive,loyalty_dominant,0.5828,0.0,0.0
emotional_appeal_positive,sanctity_dominant,0.5828,0.0,0.0
emotional_manipulation,authority_dominant,0.4894,0.2209,0.35
emotional_manipulation,balanced_mft,0.4894,0.2209,0.35
emotional_manipulation,care_dominant,0.5173,0.2209,0.35
emotional_manipulation,conservative_mft,0.4924,0.2301,0.35
emotional_manipulation,fairness_dominant,0.4894,0.2209,0.35
emotional_manipulation,high_moral,0.5299,0.2622,0.35
emotional_manipulation,inverted,0.4917,0.2277,0.35
emotional_manipulation,liberal_mft,0.5547,0.254,0.35
emotional_manipulation,liberty_dominant,0.4998,0.254,0.35
emotional_manipulation,low_moral,0.4894,0.2209,0.35
emotional_manipulation,loyalty_dominant,0.4894,0.2209,0.35
emotional_manipulation,sanctity_dominant,0.4917,0.2277,0.35
empathy_appeal,authority_dominant,0.5507,0.0,0.0
empathy_appeal,balanced_mft,0.5507,0.0,0.0
empathy_appeal,care_dominant,0.6094,0.0,0.0
empathy_appeal,conservative_mft,0.5507,0.0,0.0
empathy_appeal,fairness_dominant,0.5507,0.0,0.0
empathy_appeal,high_moral,0.6094,0.0,0.0
empathy_appeal,inverted,0.5507,0.0,0.0
empathy_appeal,liberal_mft,0.6661,0.0,0.0
empathy_appeal,liberty_dominant,0.5507,0.0,0.0
empathy_appeal,low_moral,0.5507,0.0,0.0
empathy_appeal,loyalty_dominant,0.5507,0.0,0.0
empathy_appeal,sanctity_dominant,0.5507,0.0,0.0
evidence_based,authority_dominant,0.4827,0.0,0.0
evidence_based,balanced_mft,0.4827,0.0,0.0
evidence_based,care_dominant,0.4827,0.0,0.0
evidence_based,conservative_mft,0.4827,0.0,0.0
evidence_based,fairness_dominant,0.4827,0.0,0.0
evidence_based,high_moral,0.4827,0.0,0.0
evidence_based,inverted,0.4827,0.0,0.0
evidence_based,liberal_mft,0.4827,0.0,0.0
evidence_based,liberty_dominant,0.4827,0.0,0.0
evidence_based,low_moral,0.4827,0.0,0.0
evidence_based,loyalty_dominant,0.4827,0.0,0.0
evidence_based,sanctity_dominant,0.4827,0.0,0.0
expert_testimony,authority_dominant,0.5005,0.0,0.0
expert_testimony,balanced_mft,0.4821,0.0,0.0
expert_testimony,care_dominant,0.4821,0.0,0.0
expert_testimony,conservative_mft,0.5308,0.0,0.0
expert_testimony,fairness_dominant,0.4821,0.0,0.0
expert_testimony,high_moral,0.5147,0.0,0.0
expert_testimony,inverted,0.5147,0.0,0.0
expert_testimony,liberal_mft,0.4821,0.0,0.0
expert_testimony,liberty_dominant,0.4821,0.0,0.0
expert_testimony,low_moral,0.4821,0.0,0.0
expert_testimony,loyalty_dominant,0.4944,0.0,0.0
expert_testimony,sanctity_dominant,0.4821,0.0,0.0
false_dilemma,authority_dominant,0.4836,0.0611,0.15
false_dilemma,balanced_mft,0.4836,0.0611,0.15
false_dilemma,care_dominant,0.4836,0.0611,0.15
false_dilemma,conservative_mft,0.4849,0.0623,0.15
false_dilemma,fairness_dominant,0.4836,0.0611,0.15
false_dilemma,high_moral,0.4928,0.0749,0.15
false_dilemma,inverted,0.4846,0.062,0.15
false_dilemma,liberal_mft,0.4917,0.0729,0.15
false_dilemma,liberty_dominant,0.4917,0.0729,0.15
false_dilemma,low_moral,0.4836,0.0611,0.15
false_dilemma,loyalty_dominant,0.4836,0.0611,0.15
false_dilemma,sanctity_dominant,0.4846,0.062,0.15
false_equivalence,authority_dominant,0.4888,0.0,0.1
false_equivalence,balanced_mft,0.4888,0.0,0.1
false_equivalence,care_dominant,0.4888,0.0,0.1
false_equivalence,conservative_mft,0.5023,0.0,0.1
false_equivalence,fairness_dominant,0.4888,0.0,0.1
false_equivalence,high_moral,0.5021,0.0,0.1
false_equivalence,inverted,0.5021,0.0,0.1
false_equivalence,liberal_mft,0.4888,0.0,0.1
false_equivalence,liberty_dominant,0.4888,0.0,0.1
false_equivalence,low_moral,0.4888,0.0,0.1
false_equivalence,loyalty_dominant,0.5014,0.0,0.1
false_equivalence,sanctity_dominant,0.4895,0.0,0.1
false_scarcity,authority_dominant,0.4808,0.0145,0.3
false_scarcity,balanced_mft,0.4808,0.0145,0.3
false_scarcity,care_dominant,0.4808,0.0145,0.3
false_scarcity,conservative_mft,0.4832,0.0182,0.3
false_scarcity,fairness_dominant,0.4808,0.0145,0.3
false_scarcity,high_moral,0.5077,0.0799,0.3
false_scarcity,inverted,0.4826,0.0169,0.3
false_scarcity,liberal_mft,0.5049,0.0707,0.3
false_scarcity,liberty_dominant,0.5049,0.0707,0.3
false_scarcity,low_moral,0.4808,0.0145,0.3
false_scarcity,loyalty_dominant,0.4808,0.0145,0.3
false_scarcity,sanctity_dominant,0.4826,0.0169,0.3
false_urgency,authority_dominant,0.4888,0.049,0.2
false_urgency,balanced_mft,0.4888,0.049,0.2
false_urgency,care_dominant,0.4888,0.049,0.2
false_urgency,conservative_mft,0.4905,0.0512,0.2
false_urgency,fairness_dominant,0.4888,0.049,0.2
false_urgency,high_moral,0.5142,0.1045,0.2
false_urgency,inverted,0.4901,0.0506,0.2
false_urgency,liberal_mft,0.5124,0.1016,0.2
false_urgency,liberty_dominant,0.5124,0.1016,0.2
false_urgency,low_moral,0.4888,0.049,0.2
false_urgency,loyalty_dominant,0.4888,0.049,0.2
false_urgency,sanctity_dominant,0.4901,0.0506,0.2
fear_mongering,authority_dominant,0.4793,0.0827,0.2
fear_mongering,balanced_mft,0.4793,0.0827,0.2
fear_mongering,care_dominant,0.4793,0.0827,0.2
fear_mongering,conservative_mft,0.4813,0.086,0.2
fear_mongering,fairness_dominant,0.4793,0.0827,0.2
fear_mongering,high_moral,0.4808,0.0851,0.2
fear_mongering,inverted,0.4808,0.0851,0.2
fear_mongering,liberal_mft,0.4793,0.0827,0.2
fear_mongering,liberty_dominant,0.4793,0.0827,0.2
fear_mongering,low_moral,0.4793,0.0827,0.2
fear_mongering,loyalty_dominant,0.4793,0.0827,0.2
fear_mongering,sanctity_dominant,0.4808,0.0851,0.2
gain_frame,authority_dominant,0.5412,0.0,0.0
gain_frame,balanced_mft,0.5412,0.0,0.0
gain_frame,care_dominant,0.5412,0.0,0.0
gain_frame,conservative_mft,0.5412,0.0,0.0
gain_frame,fairness_dominant,0.5412,0.0,0.0
gain_frame,high_moral,0.5433,0.0012,0.0
gain_frame,inverted,0.5412,0.0,0.0
gain_frame,liberal_mft,0.5433,0.0012,0.0
gain_frame,liberty_dominant,0.5433,0.0012,0.0
gain_frame,low_moral,0.5412,0.0,0.0
gain_frame,loyalty_dominant,0.5412,0.0,0.0
gain_frame,sanctity_dominant,0.5412,0.0,0.0
gaslighting,authority_dominant,0.5228,0.0496,0.3
gaslighting,balanced_mft,0.5228,0.0496,0.3
gaslighting,care_dominant,0.5228,0.0496,0.3
gaslighting,conservative_mft,0.5254,0.0574,0.3
gaslighting,fairness_dominant,0.5228,0.0496,0.3
gaslighting,high_moral,0.5329,0.0781,0.3
gaslighting,inverted,0.5247,0.0554,0.3
gaslighting,liberal_mft,0.5307,0.0712,0.3
gaslighting,liberty_dominant,0.5307,0.0712,0.3
gaslighting,low_moral,0.5228,0.0496,0.3
gaslighting,loyalty_dominant,0.5228,0.0496,0.3
gaslighting,sanctity_dominant,0.5247,0.0554,0.3
guilt_tripping,authority_dominant,0.5198,0.0314,0.15
guilt_tripping,balanced_mft,0.5198,0.0314,0.15
guilt_tripping,care_dominant,0.5587,0.0314,0.15
guilt_tripping,conservative_mft,0.5212,0.0345,0.15
guilt_tripping,fairness_dominant,0.5198,0.0314,0.15
guilt_tripping,high_moral,0.5676,0.0526,0.15
guilt_tripping,inverted,0.5208,0.0337,0.15
guilt_tripping,liberal_mft,0.5665,0.0498,0.15
guilt_tripping,liberty_dominant,0.5279,0.0498,0.15
guilt_tripping,low_moral,0.5198,0.0314,0.15
guilt_tripping,loyalty_dominant,0.5198,0.0314,0.15
guilt_tripping,sanctity_dominant,0.5208,0.0337,0.15
logical_appeal,authority_dominant,0.4824,0.0,0.0
logical_appeal,balanced_mft,0.4824,0.0,0.0
logical_appeal,care_dominant,0.4824,0.0,0.0
logical_appeal,conservative_mft,0.4824,0.0,0.0
logical_appeal,fairness_dominant,0.4824,0.0,0.0
logical_appeal,high_moral,0.4824,0.0,0.0
logical_appeal,inverted,0.4824,0.0,0.0
logical_appeal,liberal_mft,0.4824,0.0,0.0
logical_appeal,liberty_dominant,0.4824,0.0,0.0
logical_appeal,low_moral,0.4824,0.0,0.0
logical_appeal,loyalty_dominant,0.4824,0.0,0.0
logical_appeal,sanctity_dominant,0.4824,0.0,0.0
loss_frame,authority_dominant,0.5023,0.0325,0.0
loss_frame,balanced_mft,0.5023,0.0325,0.0
loss_frame,care_dominant,0.5023,0.0325,0.0
loss_frame,conservative_mft,0.5023,0.0325,0.0
loss_frame,fairness_dominant,0.5023,0.0325,0.0
loss_frame,high_moral,0.5027,0.0325,0.0
loss_frame,inverted,0.5023,0.0325,0.0
loss_frame,liberal_mft,0.5027,0.0325,0.0
loss_frame,liberty_dominant,0.5027,0.0325,0.0
loss_frame,low_moral,0.5023,0.0325,0.0
loss_frame,loyalty_dominant,0.5023,0.0325,0.0
loss_frame,sanctity_dominant,0.5023,0.0325,0.0
manipulative_flattery,authority_dominant,0.5378,0.0,0.05
manipulative_flattery,balanced_mft,0.5378,0.0,0.05
manipulative_flattery,care_dominant,0.5378,0.0,0.05
manipulative_flattery,conservative_mft,0.5382,0.0,0.05
manipulative_flattery,fairness_dominant,0.5378,0.0,0.05
manipulative_flattery,high_moral,0.5381,0.0,0.05
manipulative_flattery,inverted,0.5381,0.0,0.05
manipulative_flattery,liberal_mft,0.5378,0.0,0.05
manipulative_flattery,liberty_dominant,0.5378,0.0,0.05
manipulative_flattery,low_moral,0.5378,0.0,0.05
manipulative_flattery,loyalty_dominant,0.5378,0.0,0.05
manipulative_flattery,sanctity_dominant,0.5381,0.0,0.05
name_calling,authority_dominant,0.4768,0.019,0.0667
name_calling,balanced_mft,0.4768,0.019,0.0667
name_calling,care_dominant,0.4768,0.019,0.0667
name_calling,conservative_mft,0.4774,0.0203,0.0667
name_calling,fairness_dominant,0.4768,0.019,0.0667
name_calling,high_moral,0.4772,0.02,0.0667
name_calling,inverted,0.4772,0.02,0.0667
name_calling,liberal_mft,0.4768,0.019,0.0667
name_calling,liberty_dominant,0.4768,0.019,0.0667
name_calling,low_moral,0.4768,0.019,0.0667
name_calling,loyalty_dominant,0.4768,0.019,0.0667
name_calling,sanctity_dominant,0.4772,0.02,0.0667
obfuscation,authority_dominant,0.4858,0.0,0.15
obfuscation,balanced_mft,0.4858,0.0,0.15
obfuscation,care_dominant,0.4858,0.0,0.15
obfuscation,conservative_mft,0.4871,0.0,0.15
obfuscation,fairness_dominant,0.4858,0.0,0.15
obfuscation,high_moral,0.4868,0.0,0.15
obfuscation,inverted,0.4868,0.0,0.15
obfuscation,liberal_mft,0.4858,0.0,0.15
obfuscation,liberty_dominant,0.4858,0.0,0.15
obfuscation,low_moral,0.4858,0.0,0.15
obfuscation,loyalty_dominant,0.4858,0.0,0.15
obfuscation,sanctity_dominant,0.4868,0.0,0.15
perspective_shifting,authority_dominant,0.4982,0.0,0.0
perspective_shifting,balanced_mft,0.4982,0.0,0.0
perspective_shifting,care_dominant,0.4982,0.0,0.0
perspective_shifting,conservative_mft,0.4982,0.0,0.0
perspective_shifting,fairness_dominant,0.4982,0.0,0.0
perspective_shifting,high_moral,0.4982,0.0,0.0
perspective_shifting,inverted,0.4982,0.0,0.0
perspective_shifting,liberal_mft,0.4982,0.0,0.0
perspective_shifting,liberty_dominant,0.4982,0.0,0.0
perspective_shifting,low_moral,0.4982,0.0,0.0
perspective_shifting,loyalty_dominant,0.4982,0.0,0.0
perspective_shifting,sanctity_dominant,0.4982,0.0,0.0
reciprocity,authority_dominant,0.5384,0.0,0.0
reciprocity,balanced_mft,0.5384,0.0,0.0
reciprocity,care_dominant,0.5384,0.0,0.0
reciprocity,conservative_mft,0.5384,0.0,0.0
reciprocity,fairness_dominant,0.5384,0.0,0.0
reciprocity,high_moral,0.5384,0.0,0.0
reciprocity,inverted,0.5384,0.0,0.0
reciprocity,liberal_mft,0.5384,0.0,0.0
reciprocity,liberty_dominant,0.5384,0.0,0.0
reciprocity,low_moral,0.5384,0.0,0.0
reciprocity,loyalty_dominant,0.5384,0.0,0.0
reciprocity,sanctity_dominant,0.5384,0.0,0.0
red_herring,authority_dominant,0.4348,0.083,0.1333
red_herring,balanced_mft,0.4348,0.083,0.1333
red_herring,care_dominant,0.4348,0.083,0.1333
red_herring,conservative_mft,0.436,0.0846,0.1333
red_herring,fairness_dominant,0.4348,0.083,0.1333
red_herring,high_moral,0.4357,0.0842,0.1333
red_herring,inverted,0.4357,0.0842,0.1333
red_herring,liberal_mft,0.4348,0.083,0.1333
red_herring,liberty_dominant,0.4348,0.083,0.1333
red_herring,low_moral,0.4348,0.083,0.1333
red_herring,loyalty_dominant,0.4348,0.083,0.1333
red_herring,sanctity_dominant,0.4357,0.0842,0.1333
rhetorical_question,authority_dominant,0.4358,0.0,0.0
rhetorical_question,balanced_mft,0.4358,0.0,0.0
rhetorical_question,care_dominant,0.4358,0.0,0.0
rhetorical_question,conservative_mft,0.4358,0.0,0.0
rhetorical_question,fairness_dominant,0.4358,0.0,0.0
rhetorical_question,high_moral,0.4358,0.0,0.0
rhetorical_question,inverted,0.4358,0.0,0.0
rhetorical_question,liberal_mft,0.4358,0.0,0.0
rhetorical_question,liberty_dominant,0.4358,0.0,0.0
rhetorical_question,low_moral,0.4358,0.0,0.0
rhetorical_question,loyalty_dominant,0.4358,0.0,0.0
rhetorical_question,sanctity_dominant,0.4358,0.0,0.0
scarcity_appeal,authority_dominant,0.4776,0.0,0.0
scarcity_appeal,balanced_mft,0.4776,0.0,0.0
scarcity_appeal,care_dominant,0.4776,0.0,0.0
scarcity_appeal,conservative_mft,0.4776,0.0,0.0
scarcity_appeal,fairness_dominant,0.4776,0.0,0.0
scarcity_appeal,high_moral,0.4776,0.0,0.0
scarcity_appeal,inverted,0.4776,0.0,0.0
scarcity_appeal,liberal_mft,0.4776,0.0,0.0
scarcity_appeal,liberty_dominant,0.4776,0.0,0.0
scarcity_appeal,low_moral,0.4776,0.0,0.0
scarcity_appeal,loyalty_dominant,0.4776,0.0,0.0
scarcity_appeal,sanctity_dominant,0.4776,0.0,0.0
self_disclosure,authority_dominant,0.5311,0.0,0.0
self_disclosure,balanced_mft,0.5311,0.0,0.0
self_disclosure,care_dominant,0.5311,0.0,0.0
self_disclosure,conservative_mft,0.5311,0.0,0.0
self_disclosure,fairness_dominant,0.5311,0.0,0.0
self_disclosure,high_moral,0.5311,0.0,0.0
self_disclosure,inverted,0.5311,0.0,0.0
self_disclosure,liberal_mft,0.5311,0.0,0.0
self_disclosure,liberty_dominant,0.5311,0.0,0.0
self_disclosure,low_moral,0.5311,0.0,0.0
self_disclosure,loyalty_dominant,0.5311,0.0,0.0
self_disclosure,sanctity_dominant,0.5311,0.0,0.0
slippery_slope,authority_dominant,0.4999,0.069,0.2667
slippery_slope,balanced_mft,0.4999,0.069,0.2667
slippery_slope,care_dominant,0.4999,0.069,0.2667
slippery_slope,conservative_mft,0.5026,0.0728,0.2667
slippery_slope,fairness_dominant,0.4999,0.069,0.2667
slippery_slope,high_moral,0.5019,0.0718,0.2667
slippery_slope,inverted,0.5019,0.0718,0.2667
slippery_slope,liberal_mft,0.4999,0.069,0.2667
slippery_slope,liberty_dominant,0.4999,0.069,0.2667
slippery_slope,low_moral,0.4999,0.069,0.2667
slippery_slope,loyalty_dominant,0.4999,0.069,0.2667
slippery_slope,sanctity_dominant,0.5019,0.0718,0.2667
social_proof,authority_dominant,0.4879,0.0,0.0
social_proof,balanced_mft,0.4879,0.0,0.0
social_proof,care_dominant,0.4879,0.0,0.0
social_proof,conservative_mft,0.5268,0.0,0.0
social_proof,fairness_dominant,0.4879,0.0,0.0
social_proof,high_moral,0.5268,0.0,0.0
social_proof,inverted,0.5268,0.0,0.0
social_proof,liberal_mft,0.4879,0.0,0.0
social_proof,liberty_dominant,0.4879,0.0,0.0
social_proof,low_moral,0.4879,0.0,0.0
social_proof,loyalty_dominant,0.5268,0.0,0.0
social_proof,sanctity_dominant,0.4879,0.0,0.0
storytelling,authority_dominant,0.5298,0.0,0.0
storytelling,balanced_mft,0.5298,0.0,0.0
storytelling,care_dominant,0.5917,0.0,0.0
storytelling,conservative_mft,0.5298,0.0,0.0
storytelling,fairness_dominant,0.5298,0.0,0.0
storytelling,high_moral,0.5917,0.0,0.0
storytelling,inverted,0.5298,0.0,0.0
storytelling,liberal_mft,0.6435,0.0,0.0
storytelling,liberty_dominant,0.5298,0.0,0.0
storytelling,low_moral,0.5298,0.0,0.0
storytelling,loyalty_dominant,0.5298,0.0,0.0
storytelling,sanctity_dominant,0.5298,0.0,0.0
straw_man,authority_dominant,0.5434,0.0,0.15
straw_man,balanced_mft,0.5434,0.0,0.15
straw_man,care_dominant,0.5434,0.0,0.15
straw_man,conservative_mft,0.5447,0.0,0.15
straw_man,fairness_dominant,0.5434,0.0,0.15
straw_man,high_moral,0.5444,0.0,0.15
straw_man,inverted,0.5444,0.0,0.15
straw_man,liberal_mft,0.5491,0.0,0.15
straw_man,liberty_dominant,0.5434,0.0,0.15
straw_man,low_moral,0.5434,0.0,0.15
straw_man,loyalty_dominant,0.5434,0.0,0.15
straw_man,sanctity_dominant,0.5444,0.0,0.15
urgency_appeal,authority_dominant,0.4612,0.0983,0.0
urgency_appeal,balanced_mft,0.4612,0.0983,0.0
urgency_appeal,care_dominant,0.4612,0.0983,0.0
urgency_appeal,conservative_mft,0.4612,0.0983,0.0
urgency_appeal,fairness_dominant,0.4612,0.0983,0.0
urgency_appeal,high_moral,0.4645,0.114,0.0
urgency_appeal,inverted,0.4612,0.0983,0.0
urgency_appeal,liberal_mft,0.4645,0.114,0.0
urgency_appeal,liberty_dominant,0.4645,0.114,0.0
urgency_appeal,low_moral,0.4612,0.0983,0.0
urgency_appeal,loyalty_dominant,0.4612,0.0983,0.0
urgency_appeal,sanctity_dominant,0.4612,0.0983,0.0
whataboutism,authority_dominant,0.4672,0.0385,0.1333
whataboutism,balanced_mft,0.4672,0.0385,0.1333
whataboutism,care_dominant,0.4672,0.0385,0.1333
whataboutism,conservative_mft,0.4683,0.039,0.1333
whataboutism,fairness_dominant,0.4672,0.0385,0.1333
whataboutism,high_moral,0.468,0.0389,0.1333
whataboutism,inverted,0.468,0.0389,0.1333
whataboutism,liberal_mft,0.4672,0.0385,0.1333
whataboutism,liberty_dominant,0.4672,0.0385,0.1333
whataboutism,low_moral,0.4672,0.0385,0.1333
whataboutism,loyalty_dominant,0.4672,0.0385,0.1333
whataboutism,sanctity_dominant,0.468,0.0389,0.1333
